gameweek,kickoff_date,fixture_id,completed,team,opponent,home,team_xG,team_xGA,proj_score,opponent_proj_score,avg_team_xG,avg_team_xGA
1.0,2021-08-13,1,1,Arsenal,Brentford,0,1.21,1.41,1.61,0.96,,
1.0,2021-08-13,1,1,Brentford,Arsenal,1,1.41,1.21,0.96,1.61,,
1.0,2021-08-14,2,1,Brighton,Burnley,0,1.77,1.95,1.31,1.19,,
1.0,2021-08-14,2,1,Burnley,Brighton,1,1.95,1.77,1.19,1.31,,
1.0,2021-08-14,3,1,Chelsea,Crystal Palace,1,1.08,0.36,2.23,0.55,,
1.0,2021-08-14,3,1,Crystal Palace,Chelsea,0,0.36,1.08,0.55,2.23,,
1.0,2021-08-14,4,1,Everton,Southampton,1,2.38,0.62,1.56,1.08,,
1.0,2021-08-14,4,1,Southampton,Everton,0,0.62,2.38,1.08,1.56,,
1.0,2021-08-14,5,1,Leicester,Wolves,1,0.65,1.31,1.65,0.95,,
1.0,2021-08-14,5,1,Wolves,Leicester,0,1.31,0.65,0.95,1.65,,
1.0,2021-08-14,6,1,Leeds,Man Utd,0,0.66,1.42,0.94,2.06,,
1.0,2021-08-14,6,1,Man Utd,Leeds,1,1.42,0.66,2.06,0.94,,
1.0,2021-08-14,7,1,Liverpool,Norwich,0,2.06,1.15,2.2,0.84,,
1.0,2021-08-14,7,1,Norwich,Liverpool,1,1.15,2.06,0.84,2.2,,
1.0,2021-08-14,8,1,Aston Villa,Watford,0,1.21,1.17,1.45,1.19,,
1.0,2021-08-14,8,1,Watford,Aston Villa,1,1.17,1.21,1.19,1.45,,
1.0,2021-08-15,9,1,Newcastle,West Ham,1,1.71,3.53,1.41,1.5,,
1.0,2021-08-15,9,1,West Ham,Newcastle,0,3.53,1.71,1.5,1.41,,
1.0,2021-08-15,10,1,Man City,Spurs,0,2.16,1.22,2.01,1.21,,
1.0,2021-08-15,10,1,Spurs,Man City,1,1.22,2.16,1.21,2.01,,
2.0,2021-08-21,11,1,Aston Villa,Newcastle,1,1.31,0.77,1.75,1.24,1.21,1.21
2.0,2021-08-21,11,1,Newcastle,Aston Villa,0,0.77,1.31,1.24,1.75,1.71,1.71
2.0,2021-08-21,12,1,Brighton,Watford,1,1.68,0.48,1.59,0.84,1.77,1.77
2.0,2021-08-21,12,1,Watford,Brighton,0,0.48,1.68,0.84,1.59,1.17,1.17
2.0,2021-08-21,13,1,Brentford,Crystal Palace,0,0.85,0.6,1.12,1.33,1.41,1.41
2.0,2021-08-21,13,1,Crystal Palace,Brentford,1,0.6,0.85,1.33,1.12,0.36,0.36
2.0,2021-08-21,14,1,Everton,Leeds,0,1.94,1.15,1.3,1.45,2.38,2.38
2.0,2021-08-21,14,1,Leeds,Everton,1,1.15,1.94,1.45,1.3,0.66,0.66
2.0,2021-08-21,15,1,Burnley,Liverpool,0,0.79,3.1,0.69,2.48,1.95,1.95
2.0,2021-08-21,15,1,Liverpool,Burnley,1,3.1,0.79,2.48,0.69,2.06,2.06
2.0,2021-08-21,16,1,Man City,Norwich,1,2.37,0.03,2.59,0.46,2.16,2.16
2.0,2021-08-21,16,1,Norwich,Man City,0,0.03,2.37,0.46,2.59,1.15,1.15
2.0,2021-08-22,17,1,Spurs,Wolves,0,1.78,1.68,1.55,1.19,1.22,1.22
2.0,2021-08-22,17,1,Wolves,Spurs,1,1.68,1.78,1.19,1.55,1.31,1.31
2.0,2021-08-22,18,1,Arsenal,Chelsea,1,0.63,3.3,1.1,1.45,1.21,1.21
2.0,2021-08-22,18,1,Chelsea,Arsenal,0,3.3,0.63,1.45,1.1,1.08,1.08
2.0,2021-08-22,19,1,Man Utd,Southampton,0,2.21,0.69,2.01,1.02,1.42,1.42
2.0,2021-08-22,19,1,Southampton,Man Utd,1,0.69,2.21,1.02,2.01,0.62,0.62
2.0,2021-08-23,20,1,Leicester,West Ham,0,0.83,2.48,1.43,1.53,0.65,0.65
2.0,2021-08-23,20,1,West Ham,Leicester,1,2.48,0.83,1.53,1.43,3.53,3.53
3.0,2021-08-28,21,1,Aston Villa,Brentford,1,0.47,1.01,1.59,0.99,1.23,1.23
3.0,2021-08-28,21,1,Brentford,Aston Villa,0,1.01,0.47,0.99,1.59,1.298,1.298
3.0,2021-08-28,22,1,Brighton,Everton,1,0.79,1.41,1.37,1.1,1.752,1.752
3.0,2021-08-28,22,1,Everton,Brighton,0,1.41,0.79,1.1,1.37,2.292,2.292
3.0,2021-08-28,23,1,Chelsea,Liverpool,0,0.65,2.75,1.31,1.5,1.524,1.524
3.0,2021-08-28,23,1,Liverpool,Chelsea,1,2.75,0.65,1.5,1.31,2.268,2.268
3.0,2021-08-28,24,1,Arsenal,Man City,0,0.17,4.02,0.74,2.13,1.094,1.094
3.0,2021-08-28,24,1,Man City,Arsenal,1,4.02,0.17,2.13,0.74,2.202,2.202
3.0,2021-08-28,25,1,Newcastle,Southampton,1,1.21,3.62,1.53,1.31,1.522,1.522
3.0,2021-08-28,25,1,Southampton,Newcastle,0,3.62,1.21,1.31,1.53,0.634,0.634
3.0,2021-08-28,26,1,Leicester,Norwich,0,1.39,1.61,1.55,1.08,0.686,0.686
3.0,2021-08-28,26,1,Norwich,Leicester,1,1.61,1.39,1.08,1.55,0.926,0.926
3.0,2021-08-29,27,1,Spurs,Watford,1,1.1,0.66,2.04,0.82,1.332,1.332
3.0,2021-08-29,27,1,Watford,Spurs,0,0.66,1.1,0.82,2.04,1.032,1.032
3.0,2021-08-28,28,1,Crystal Palace,West Ham,0,1.79,1.39,0.94,1.88,0.408,0.408
3.0,2021-08-28,28,1,West Ham,Crystal Palace,1,1.39,1.79,1.88,0.94,3.32,3.32
3.0,2021-08-29,29,1,Burnley,Leeds,1,1.7,1.34,1.39,1.46,1.718,1.718
3.0,2021-08-29,29,1,Leeds,Burnley,0,1.34,1.7,1.46,1.39,0.758,0.758
3.0,2021-08-29,30,1,Man Utd,Wolves,0,0.84,1.89,1.69,0.97,1.578,1.578
3.0,2021-08-29,30,1,Wolves,Man Utd,1,1.89,0.84,0.97,1.69,1.384,1.384
4.0,2021-09-11,31,1,Arsenal,Norwich,1,2.66,0.61,1.73,0.83,0.909,0.909
4.0,2021-09-11,31,1,Norwich,Arsenal,0,0.61,2.66,0.83,1.73,1.063,1.063
4.0,2021-09-11,32,1,Brentford,Brighton,1,0.77,0.21,1.11,1.2,1.24,1.24
4.0,2021-09-11,32,1,Brighton,Brentford,0,0.21,0.77,1.2,1.11,1.56,1.56
4.0,2021-09-11,33,1,Aston Villa,Chelsea,0,1.25,1.25,0.69,2.09,1.078,1.078
4.0,2021-09-11,33,1,Chelsea,Aston Villa,1,1.25,1.25,2.09,0.69,1.349,1.349
4.0,2021-09-11,34,1,Crystal Palace,Spurs,1,3.3,0.08,1.08,1.74,0.684,0.684
4.0,2021-09-11,34,1,Spurs,Crystal Palace,0,0.08,3.3,1.74,1.08,1.286,1.286
4.0,2021-09-13,35,1,Burnley,Everton,0,1.92,1.66,0.96,1.69,1.714,1.714
4.0,2021-09-13,35,1,Everton,Burnley,1,1.66,1.92,1.69,0.96,2.116,2.116
4.0,2021-09-12,36,1,Leeds,Liverpool,1,0.76,4.81,1.07,2.14,0.874,0.874
4.0,2021-09-12,36,1,Liverpool,Leeds,0,4.81,0.76,2.14,1.07,2.364,2.364
4.0,2021-09-11,37,1,Leicester,Man City,1,0.84,3.14,0.94,2.14,0.827,0.827
4.0,2021-09-11,37,1,Man City,Leicester,0,3.14,0.84,2.14,0.94,2.566,2.566
4.0,2021-09-11,38,1,Man Utd,Newcastle,1,2.73,0.56,2.31,0.81,1.43,1.43
4.0,2021-09-11,38,1,Newcastle,Man Utd,0,0.56,2.73,0.81,2.31,1.46,1.46
4.0,2021-09-11,39,1,Southampton,West Ham,1,0.7,0.83,1.44,1.67,1.231,1.231
4.0,2021-09-11,39,1,West Ham,Southampton,0,0.83,0.7,1.67,1.44,2.934,2.934
4.0,2021-09-11,40,1,Watford,Wolves,1,0.29,2.73,1.05,1.24,0.958,0.958
4.0,2021-09-11,40,1,Wolves,Watford,0,2.73,0.29,1.24,1.05,1.485,1.485
5.0,2021-09-18,41,1,Aston Villa,Everton,1,0.85,0.98,1.4,1.34,1.112,1.112
5.0,2021-09-18,41,1,Everton,Aston Villa,0,0.98,0.85,1.34,1.4,2.024,2.024
5.0,2021-09-19,42,1,Brighton,Leicester,1,1.47,1.47,1.34,1.16,1.29,1.29
5.0,2021-09-19,42,1,Leicester,Brighton,0,1.47,1.47,1.16,1.34,0.829,0.829
5.0,2021-09-18,43,1,Arsenal,Burnley,0,0.96,1.05,1.52,1.22,1.259,1.259
5.0,2021-09-18,43,1,Burnley,Arsenal,1,1.05,0.96,1.22,1.52,1.756,1.756
5.0,2021-09-18,44,1,Crystal Palace,Liverpool,0,0.66,3.34,0.64,2.49,1.208,1.208
5.0,2021-09-18,44,1,Liverpool,Crystal Palace,1,3.34,0.66,2.49,0.64,2.854,2.854
5.0,2021-09-18,45,1,Man City,Southampton,1,1.32,0.44,2.74,0.53,2.68,2.68
5.0,2021-09-18,45,1,Southampton,Man City,0,0.44,1.32,0.53,2.74,1.125,1.125
5.0,2021-09-17,46,1,Leeds,Newcastle,0,1.6,1.38,1.54,1.5,0.852,0.852
5.0,2021-09-17,46,1,Newcastle,Leeds,1,1.38,1.6,1.5,1.54,1.28,1.28
5.0,2021-09-18,47,1,Norwich,Watford,1,0.82,2.69,1.27,1.04,0.972,0.972
5.0,2021-09-18,47,1,Watford,Norwich,0,2.69,0.82,1.04,1.27,0.824,0.824
5.0,2021-09-19,48,1,Chelsea,Spurs,0,2.51,0.96,1.65,1.16,1.329,1.329
5.0,2021-09-19,48,1,Spurs,Chelsea,1,0.96,2.51,1.16,1.65,1.044,1.044
5.0,2021-09-19,49,1,Man Utd,West Ham,0,2.47,1.76,1.67,1.3,1.69,1.69
5.0,2021-09-19,49,1,West Ham,Man Utd,1,1.76,2.47,1.3,1.67,2.513,2.513
5.0,2021-09-18,50,1,Brentford,Wolves,0,2.04,1.21,0.82,1.37,1.146,1.146
5.0,2021-09-18,50,1,Wolves,Brentford,1,1.21,2.04,1.37,0.82,1.734,1.734
6.0,2021-09-26,51,1,Arsenal,Spurs,1,1.48,1.52,1.54,1.3,1.199,1.199
6.0,2021-09-26,51,1,Spurs,Arsenal,0,1.52,1.48,1.3,1.54,1.028,1.028
6.0,2021-09-25,52,1,Brentford,Liverpool,1,3.08,2.83,0.8,2.17,1.325,1.325
6.0,2021-09-25,52,1,Liverpool,Brentford,0,2.83,3.08,2.17,0.8,2.951,2.951
6.0,2021-09-25,53,1,Chelsea,Man City,1,0.21,1.95,1.26,1.46,1.565,1.565
6.0,2021-09-25,53,1,Man City,Chelsea,0,1.95,0.21,1.46,1.26,2.408,2.408
6.0,2021-09-27,54,1,Brighton,Crystal Palace,0,0.99,1.42,1.24,1.14,1.326,1.326
6.0,2021-09-27,54,1,Crystal Palace,Brighton,1,1.42,0.99,1.14,1.24,1.098,1.098
6.0,2021-09-25,55,1,Everton,Norwich,1,2.02,0.81,1.74,0.85,1.816,1.816
6.0,2021-09-25,55,1,Norwich,Everton,0,0.81,2.02,0.85,1.74,0.942,0.942
6.0,2021-09-25,56,1,Leeds,West Ham,1,1.26,2.05,1.47,1.57,1.001,1.001
6.0,2021-09-25,56,1,West Ham,Leeds,0,2.05,1.26,1.57,1.47,2.363,2.363
6.0,2021-09-25,57,1,Burnley,Leicester,0,0.47,2.09,1.08,1.72,1.614,1.614
6.0,2021-09-25,57,1,Leicester,Burnley,1,2.09,0.47,1.72,1.08,0.958,0.958
6.0,2021-09-25,58,1,Aston Villa,Man Utd,0,1.57,1.98,0.92,1.95,1.06,1.06
6.0,2021-09-25,58,1,Man Utd,Aston Villa,1,1.98,1.57,1.95,0.92,1.846,1.846
6.0,2021-09-26,59,1,Southampton,Wolves,1,0.94,1.01,1.25,1.15,0.988,0.988
6.0,2021-09-26,59,1,Wolves,Southampton,0,1.01,0.94,1.15,1.25,1.629,1.629
6.0,2021-09-25,60,1,Newcastle,Watford,0,2.16,1.06,1.31,1.39,1.3,1.3
6.0,2021-09-25,60,1,Watford,Newcastle,1,1.06,2.16,1.39,1.31,1.197,1.197
7.0,2021-10-02,61,1,Arsenal,Brighton,0,0.4,1.24,1.21,1.24,1.256,1.256
7.0,2021-10-02,61,1,Brighton,Arsenal,1,1.24,0.4,1.24,1.21,1.259,1.259
7.0,2021-10-02,62,1,Burnley,Norwich,1,0.85,0.56,1.56,1.01,1.386,1.386
7.0,2021-10-02,62,1,Norwich,Burnley,0,0.56,0.85,1.01,1.56,0.915,0.915
7.0,2021-10-02,63,1,Chelsea,Southampton,1,4.0,1.59,2.0,0.57,1.294,1.294
7.0,2021-10-02,63,1,Southampton,Chelsea,0,1.59,4.0,0.57,2.0,0.978,0.978
7.0,2021-10-03,64,1,Crystal Palace,Leicester,1,1.25,1.03,1.28,1.39,1.162,1.162
7.0,2021-10-03,64,1,Leicester,Crystal Palace,0,1.03,1.25,1.39,1.28,1.184,1.184
7.0,2021-10-02,65,1,Leeds,Watford,1,1.37,0.24,1.67,1.01,1.053,1.053
7.0,2021-10-02,65,1,Watford,Leeds,0,0.24,1.37,1.01,1.67,1.17,1.17
7.0,2021-10-03,66,1,Liverpool,Man City,1,1.24,1.13,1.58,1.77,2.927,2.927
7.0,2021-10-03,66,1,Man City,Liverpool,0,1.13,1.24,1.77,1.58,2.317,2.317
7.0,2021-10-02,67,1,Everton,Man Utd,0,1.27,0.98,0.94,1.86,1.856,1.856
7.0,2021-10-02,67,1,Man Utd,Everton,1,0.98,1.27,1.86,0.94,1.873,1.873
7.0,2021-10-03,68,1,Aston Villa,Spurs,0,1.11,1.84,1.34,1.58,1.162,1.162
7.0,2021-10-03,68,1,Spurs,Aston Villa,1,1.84,1.11,1.58,1.34,1.126,1.126
7.0,2021-10-03,69,1,Brentford,West Ham,0,1.18,1.67,1.02,1.69,1.676,1.676
7.0,2021-10-03,69,1,West Ham,Brentford,1,1.67,1.18,1.69,1.02,2.3,2.3
7.0,2021-10-02,70,1,Newcastle,Wolves,0,0.98,1.01,1.03,1.55,1.472,1.472
7.0,2021-10-02,70,1,Wolves,Newcastle,1,1.01,0.98,1.55,1.03,1.505,1.505
8.0,2021-10-18,71,1,Arsenal,Crystal Palace,1,1.52,0.56,1.6,0.92,1.084,1.084
8.0,2021-10-18,71,1,Crystal Palace,Arsenal,0,0.56,1.52,0.92,1.6,1.18,1.18
8.0,2021-10-16,72,1,Aston Villa,Wolves,1,1.19,1.64,1.41,1.03,1.152,1.152
8.0,2021-10-16,72,1,Wolves,Aston Villa,0,1.64,1.19,1.03,1.41,1.406,1.406
8.0,2021-10-16,73,1,Brentford,Chelsea,1,1.98,0.3,0.84,1.74,1.577,1.577
8.0,2021-10-16,73,1,Chelsea,Brentford,0,0.3,1.98,1.74,0.84,1.836,1.836
8.0,2021-10-17,74,1,Everton,West Ham,1,0.92,1.81,1.48,1.32,1.739,1.739
8.0,2021-10-17,74,1,West Ham,Everton,0,1.81,0.92,1.32,1.48,2.174,2.174
8.0,2021-10-16,75,1,Leicester,Man Utd,1,2.81,1.3,1.21,1.75,1.153,1.153
8.0,2021-10-16,75,1,Man Utd,Leicester,0,1.3,2.81,1.75,1.21,1.694,1.694
8.0,2021-10-16,76,1,Burnley,Man City,0,1.13,2.39,0.44,2.75,1.278,1.278
8.0,2021-10-16,76,1,Man City,Burnley,1,2.39,1.13,2.75,0.44,2.079,2.079
8.0,2021-10-17,77,1,Newcastle,Spurs,1,0.61,1.94,1.37,1.72,1.373,1.373
8.0,2021-10-17,77,1,Spurs,Newcastle,0,1.94,0.61,1.72,1.37,1.269,1.269
8.0,2021-10-16,78,1,Brighton,Norwich,0,1.22,1.12,1.35,0.97,1.255,1.255
8.0,2021-10-16,78,1,Norwich,Brighton,1,1.12,1.22,0.97,1.35,0.844,0.844
8.0,2021-10-16,79,1,Leeds,Southampton,0,0.37,1.88,1.29,1.42,1.116,1.116
8.0,2021-10-16,79,1,Southampton,Leeds,1,1.88,0.37,1.42,1.29,1.101,1.101
8.0,2021-10-16,80,1,Liverpool,Watford,0,3.61,0.28,2.54,0.83,2.589,2.589
8.0,2021-10-16,80,1,Watford,Liverpool,1,0.28,3.61,0.83,2.54,0.984,0.984
9.0,2021-10-22,81,1,Arsenal,Aston Villa,1,3.91,1.48,1.56,1.17,1.172,1.172
9.0,2021-10-22,81,1,Aston Villa,Arsenal,0,1.48,3.91,1.17,1.56,1.159,1.159
9.0,2021-10-24,82,1,Brentford,Leicester,1,1.28,1.08,1.38,1.44,1.657,1.657
9.0,2021-10-24,82,1,Leicester,Brentford,0,1.08,1.28,1.44,1.38,1.485,1.485
9.0,2021-10-23,83,1,Brighton,Man City,1,1.27,3.31,0.73,2.08,1.248,1.248
9.0,2021-10-23,83,1,Man City,Brighton,0,3.31,1.27,2.08,0.73,2.141,2.141
9.0,2021-10-23,84,1,Chelsea,Norwich,1,2.84,0.19,2.21,0.47,1.528,1.528
9.0,2021-10-23,84,1,Norwich,Chelsea,0,0.19,2.84,0.47,2.21,0.899,0.899
9.0,2021-10-23,85,1,Crystal Palace,Newcastle,1,1.97,0.82,1.53,1.19,1.056,1.056
9.0,2021-10-23,85,1,Newcastle,Crystal Palace,0,0.82,1.97,1.19,1.53,1.221,1.221
9.0,2021-10-23,86,1,Everton,Watford,1,1.75,3.63,1.64,0.81,1.575,1.575
9.0,2021-10-23,86,1,Watford,Everton,0,3.63,1.75,0.81,1.64,0.843,0.843
9.0,2021-10-23,87,1,Leeds,Wolves,1,1.77,0.88,1.3,1.18,0.967,0.967
9.0,2021-10-23,87,1,Wolves,Leeds,0,0.88,1.77,1.18,1.3,1.453,1.453
9.0,2021-10-24,88,1,Liverpool,Man Utd,0,3.84,1.47,2.04,1.53,2.793,2.793
9.0,2021-10-24,88,1,Man Utd,Liverpool,1,1.47,3.84,1.53,2.04,1.616,1.616
9.0,2021-10-23,89,1,Burnley,Southampton,0,0.73,1.55,1.1,1.48,1.249,1.249
9.0,2021-10-23,89,1,Southampton,Burnley,1,1.55,0.73,1.48,1.1,1.257,1.257
9.0,2021-10-24,90,1,Spurs,West Ham,0,0.78,1.73,1.35,1.65,1.403,1.403
9.0,2021-10-24,90,1,West Ham,Spurs,1,1.73,0.78,1.65,1.35,2.101,2.101
10.0,2021-10-31,91,1,Aston Villa,West Ham,1,0.72,2.72,1.42,1.53,1.223,1.223
10.0,2021-10-31,91,1,West Ham,Aston Villa,0,2.72,0.72,1.53,1.42,2.027,2.027
10.0,2021-10-30,92,1,Brentford,Burnley,0,1.08,2.83,1.25,1.31,1.582,1.582
10.0,2021-10-30,92,1,Burnley,Brentford,1,2.83,1.08,1.31,1.25,1.145,1.145
10.0,2021-10-30,93,1,Arsenal,Leicester,0,0.98,2.03,1.43,1.53,1.719,1.719
10.0,2021-10-30,93,1,Leicester,Arsenal,1,2.03,0.98,1.53,1.43,1.404,1.404
10.0,2021-10-30,94,1,Brighton,Liverpool,0,1.41,1.66,0.76,2.45,1.252,1.252
10.0,2021-10-30,94,1,Liverpool,Brighton,1,1.66,1.41,2.45,0.76,3.003,3.003
10.0,2021-10-30,95,1,Crystal Palace,Man City,0,1.07,0.74,0.48,2.73,1.239,1.239
10.0,2021-10-30,95,1,Man City,Crystal Palace,1,0.74,1.07,2.73,0.48,2.375,2.375
10.0,2021-10-30,96,1,Chelsea,Newcastle,0,2.59,0.24,2.11,0.89,1.791,1.791
10.0,2021-10-30,96,1,Newcastle,Chelsea,1,0.24,2.59,0.89,2.11,1.141,1.141
10.0,2021-10-31,97,1,Leeds,Norwich,0,0.8,0.76,1.49,1.07,1.128,1.128
10.0,2021-10-31,97,1,Norwich,Leeds,1,0.76,0.8,1.07,1.49,0.758,0.758
10.0,2021-10-30,98,1,Man Utd,Spurs,0,1.3,1.52,1.69,1.42,1.586,1.586
10.0,2021-10-30,98,1,Spurs,Man Utd,1,1.52,1.3,1.42,1.69,1.278,1.278
10.0,2021-10-30,99,1,Southampton,Watford,0,1.72,0.99,1.31,1.23,1.315,1.315
10.0,2021-10-30,99,1,Watford,Southampton,1,0.99,1.72,1.23,1.31,1.4,1.4
10.0,2021-11-01,100,1,Everton,Wolves,0,1.86,1.53,1.11,1.43,1.61,1.61
10.0,2021-11-01,100,1,Wolves,Everton,1,1.53,1.86,1.43,1.11,1.338,1.338
11.0,2021-11-07,101,1,Arsenal,Watford,1,1.55,0.52,1.85,0.8,1.571,1.571
11.0,2021-11-07,101,1,Watford,Arsenal,0,0.52,1.55,0.8,1.85,1.318,1.318
11.0,2021-11-06,102,1,Brentford,Norwich,1,3.02,1.17,1.63,0.81,1.482,1.482
11.0,2021-11-06,102,1,Norwich,Brentford,0,1.17,3.02,0.81,1.63,0.758,0.758
11.0,2021-11-06,103,1,Brighton,Newcastle,1,1.43,0.34,1.71,0.91,1.284,1.284
11.0,2021-11-06,103,1,Newcastle,Brighton,0,0.34,1.43,0.91,1.71,0.96,0.96
11.0,2021-11-06,104,1,Burnley,Chelsea,0,0.71,2.73,0.6,2.23,1.482,1.482
11.0,2021-11-06,104,1,Chelsea,Burnley,1,2.73,0.71,2.23,0.6,1.951,1.951
11.0,2021-11-06,105,1,Crystal Palace,Wolves,1,2.16,0.29,1.24,1.14,1.205,1.205
11.0,2021-11-06,105,1,Wolves,Crystal Palace,0,0.29,2.16,1.14,1.24,1.377,1.377
11.0,2021-11-07,106,1,Everton,Spurs,1,0.65,0.91,1.5,1.44,1.66,1.66
11.0,2021-11-07,106,1,Spurs,Everton,0,0.91,0.65,1.44,1.5,1.327,1.327
11.0,2021-11-07,107,1,Leeds,Leicester,1,1.72,0.74,1.46,1.44,1.062,1.062
11.0,2021-11-07,107,1,Leicester,Leeds,0,0.74,1.72,1.44,1.46,1.529,1.529
11.0,2021-11-06,108,1,Man City,Man Utd,0,2.67,0.79,2.1,1.27,2.048,2.048
11.0,2021-11-06,108,1,Man Utd,Man City,1,0.79,2.67,1.27,2.1,1.529,1.529
11.0,2021-11-05,109,1,Aston Villa,Southampton,0,0.69,0.89,1.29,1.47,1.123,1.123
11.0,2021-11-05,109,1,Southampton,Aston Villa,1,0.89,0.69,1.47,1.29,1.396,1.396
11.0,2021-11-07,110,1,Liverpool,West Ham,0,2.03,1.11,2.22,1.32,2.734,2.734
11.0,2021-11-07,110,1,West Ham,Liverpool,1,1.11,2.03,1.32,2.22,2.166,2.166
12.0,2021-11-20,111,1,Aston Villa,Brighton,1,1.05,0.35,1.32,1.29,1.036,1.036
12.0,2021-11-20,111,1,Brighton,Aston Villa,0,0.35,1.05,1.29,1.32,1.313,1.313
12.0,2021-11-20,112,1,Burnley,Crystal Palace,1,1.37,1.87,1.38,1.28,1.328,1.328
12.0,2021-11-20,112,1,Crystal Palace,Burnley,0,1.87,1.37,1.28,1.38,1.396,1.396
12.0,2021-11-20,113,1,Chelsea,Leicester,0,2.57,0.53,1.85,1.02,2.106,2.106
12.0,2021-11-20,113,1,Leicester,Chelsea,1,0.53,2.57,1.02,1.85,1.371,1.371
12.0,2021-11-20,114,1,Arsenal,Liverpool,0,0.26,3.7,0.99,2.36,1.567,1.567
12.0,2021-11-20,114,1,Liverpool,Arsenal,1,3.7,0.26,2.36,0.99,2.593,2.593
12.0,2021-11-21,115,1,Everton,Man City,0,0.25,2.86,0.58,2.73,1.458,1.458
12.0,2021-11-21,115,1,Man City,Everton,1,2.86,0.25,2.73,0.58,2.173,2.173
12.0,2021-11-20,116,1,Brentford,Newcastle,0,1.11,2.51,1.38,1.34,1.789,1.789
12.0,2021-11-20,116,1,Newcastle,Brentford,1,2.51,1.11,1.34,1.38,0.836,0.836
12.0,2021-11-20,117,1,Norwich,Southampton,1,0.53,1.09,1.06,1.38,0.84,0.84
12.0,2021-11-20,117,1,Southampton,Norwich,0,1.09,0.53,1.38,1.06,1.295,1.295
12.0,2021-11-21,118,1,Leeds,Spurs,0,1.31,2.39,1.18,1.52,1.194,1.194
12.0,2021-11-21,118,1,Spurs,Leeds,1,2.39,1.31,1.52,1.18,1.243,1.243
12.0,2021-11-20,119,1,Man Utd,Watford,0,1.72,2.99,1.89,1.01,1.381,1.381
12.0,2021-11-20,119,1,Watford,Man Utd,1,2.99,1.72,1.01,1.89,1.159,1.159
12.0,2021-11-20,120,1,West Ham,Wolves,0,0.42,1.44,1.5,1.14,1.954,1.954
12.0,2021-11-20,120,1,Wolves,West Ham,1,1.44,0.42,1.14,1.5,1.159,1.159
13.0,2021-11-27,121,1,Arsenal,Newcastle,1,3.24,0.24,1.82,0.98,1.306,1.306
13.0,2021-11-27,121,1,Newcastle,Arsenal,0,0.24,3.24,0.98,1.82,1.171,1.171
13.0,2021-11-28,122,1,Brentford,Everton,1,1.19,1.13,1.46,1.3,1.653,1.653
13.0,2021-11-28,122,1,Everton,Brentford,0,1.13,1.19,1.3,1.46,1.217,1.217
13.0,2021-11-27,123,1,Brighton,Leeds,1,2.13,0.92,1.38,1.01,1.12,1.12
13.0,2021-11-27,123,1,Leeds,Brighton,0,0.92,2.13,1.01,1.38,1.217,1.217
26.0,2022-02-23,124,1,Burnley,Spurs,1,1.57,0.8,1.22,1.58,0.884,0.884
26.0,2022-02-23,124,1,Spurs,Burnley,0,0.8,1.57,1.58,1.22,2.135,2.135
13.0,2021-11-28,125,1,Chelsea,Man Utd,1,2.54,0.65,1.98,0.95,2.199,2.199
13.0,2021-11-28,125,1,Man Utd,Chelsea,0,0.65,2.54,0.95,1.98,1.449,1.449
13.0,2021-11-27,126,1,Aston Villa,Crystal Palace,0,0.48,0.98,1.28,1.49,1.039,1.039
13.0,2021-11-27,126,1,Crystal Palace,Aston Villa,1,0.98,0.48,1.49,1.28,1.491,1.491
13.0,2021-11-28,127,1,Leicester,Watford,1,2.25,2.93,1.72,1.08,1.203,1.203
13.0,2021-11-28,127,1,Watford,Leicester,0,2.93,2.25,1.08,1.72,1.525,1.525
13.0,2021-11-27,128,1,Liverpool,Southampton,1,2.68,1.45,2.7,0.68,2.815,2.815
13.0,2021-11-27,128,1,Southampton,Liverpool,0,1.45,2.68,0.68,2.7,1.254,1.254
13.0,2021-11-28,129,1,Man City,West Ham,1,2.62,0.19,2.34,0.85,2.31,2.31
13.0,2021-11-28,129,1,West Ham,Man City,0,0.19,2.62,0.85,2.34,1.648,1.648
13.0,2021-11-27,130,1,Norwich,Wolves,1,1.52,0.35,1.01,1.35,0.778,0.778
13.0,2021-11-27,130,1,Wolves,Norwich,0,0.35,1.52,1.35,1.01,1.216,1.216
14.0,2021-12-01,131,1,Aston Villa,Man City,1,0.82,1.36,0.82,2.44,0.927,0.927
14.0,2021-12-01,131,1,Man City,Aston Villa,0,1.36,0.82,2.44,0.82,2.372,2.372
14.0,2021-12-01,132,1,Everton,Liverpool,1,0.55,3.03,0.99,2.54,1.199,1.199
14.0,2021-12-01,132,1,Liverpool,Everton,0,3.03,0.55,2.54,0.99,2.788,2.788
14.0,2021-11-30,133,1,Crystal Palace,Leeds,0,0.78,1.99,1.18,1.41,1.389,1.389
14.0,2021-11-30,133,1,Leeds,Crystal Palace,1,1.99,0.78,1.41,1.18,1.158,1.158
14.0,2021-12-02,134,1,Arsenal,Man Utd,0,1.37,2.17,1.26,1.58,1.693,1.693
14.0,2021-12-02,134,1,Man Utd,Arsenal,1,2.17,1.37,1.58,1.26,1.289,1.289
14.0,2021-12-01,135,1,Chelsea,Watford,0,0.91,0.98,2.18,0.76,2.267,2.267
14.0,2021-12-01,135,1,Watford,Chelsea,1,0.98,0.91,0.76,2.18,1.806,1.806
14.0,2021-12-01,136,1,Brighton,West Ham,0,1.43,1.13,0.96,1.51,1.322,1.322
14.0,2021-12-01,136,1,West Ham,Brighton,1,1.13,1.43,1.51,0.96,1.356,1.356
14.0,2021-12-01,137,1,Burnley,Wolves,0,0.25,0.75,1.09,1.44,1.336,1.336
14.0,2021-12-01,137,1,Wolves,Burnley,1,0.75,0.25,1.44,1.09,1.042,1.042
14.0,2021-11-30,138,1,Newcastle,Norwich,1,1.13,1.52,1.54,1.07,0.985,0.985
14.0,2021-11-30,138,1,Norwich,Newcastle,0,1.52,1.13,1.07,1.54,0.927,0.927
14.0,2021-12-01,139,1,Leicester,Southampton,0,1.57,1.91,1.35,1.46,1.412,1.412
14.0,2021-12-01,139,1,Southampton,Leicester,1,1.91,1.57,1.46,1.35,1.293,1.293
14.0,2021-12-02,140,1,Brentford,Spurs,0,0.32,2.54,1.14,1.58,1.561,1.561
14.0,2021-12-02,140,1,Spurs,Brentford,1,2.54,0.32,1.58,1.14,1.473,1.473
15.0,2021-12-05,141,1,Aston Villa,Leicester,1,2.01,1.03,1.65,1.41,0.906,0.906
15.0,2021-12-05,141,1,Leicester,Aston Villa,0,1.03,2.01,1.41,1.65,1.444,1.444
15.0,2021-12-06,142,1,Arsenal,Everton,0,1.01,1.12,1.42,1.23,1.628,1.628
15.0,2021-12-06,142,1,Everton,Arsenal,1,1.12,1.01,1.23,1.42,1.069,1.069
15.0,2021-12-05,143,1,Brentford,Leeds,0,1.24,1.49,1.11,1.51,1.313,1.313
15.0,2021-12-05,143,1,Leeds,Brentford,1,1.49,1.24,1.51,1.11,1.324,1.324
15.0,2021-12-05,144,1,Crystal Palace,Man Utd,0,0.57,0.98,1.02,1.89,1.267,1.267
15.0,2021-12-05,144,1,Man Utd,Crystal Palace,1,0.98,0.57,1.89,1.02,1.465,1.465
15.0,2021-12-04,145,1,Burnley,Newcastle,0,0.63,1.55,1.48,1.41,1.119,1.119
15.0,2021-12-04,145,1,Newcastle,Burnley,1,1.55,0.63,1.41,1.48,1.014,1.014
15.0,2021-12-04,146,1,Brighton,Southampton,0,1.57,1.23,1.18,1.12,1.344,1.344
15.0,2021-12-04,146,1,Southampton,Brighton,1,1.23,1.57,1.12,1.18,1.417,1.417
15.0,2021-12-05,147,1,Norwich,Spurs,0,1.23,2.12,0.83,1.71,1.045,1.045
15.0,2021-12-05,147,1,Spurs,Norwich,1,2.12,1.23,1.71,0.83,1.686,1.686
15.0,2021-12-04,148,1,Man City,Watford,0,3.68,0.88,2.6,0.74,2.17,2.17
15.0,2021-12-04,148,1,Watford,Man City,1,0.88,3.68,0.74,2.6,1.641,1.641
15.0,2021-12-04,149,1,Chelsea,West Ham,0,1.37,2.01,1.65,1.09,1.996,1.996
15.0,2021-12-04,149,1,West Ham,Chelsea,1,2.01,1.37,1.09,1.65,1.311,1.311
15.0,2021-12-04,150,1,Liverpool,Wolves,0,2.66,0.12,2.31,0.81,2.836,2.836
15.0,2021-12-04,150,1,Wolves,Liverpool,1,0.12,2.66,0.81,2.31,0.984,0.984
16.0,2021-12-11,151,1,Arsenal,Southampton,1,2.02,0.5,1.59,0.98,1.504,1.504
16.0,2021-12-11,151,1,Southampton,Arsenal,0,0.5,2.02,0.98,1.59,1.379,1.379
16.0,2021-12-10,152,1,Brentford,Watford,1,1.96,0.73,1.57,1.21,1.298,1.298
16.0,2021-12-10,152,1,Watford,Brentford,0,0.73,1.96,1.21,1.57,1.489,1.489
29.0,2022-03-16,153,1,Brighton,Spurs,1,1.24,1.92,1.22,1.51,1.146,1.146
29.0,2022-03-16,153,1,Spurs,Brighton,0,1.92,1.24,1.51,1.22,2.181,2.181
16.0,2021-12-12,154,1,Burnley,West Ham,1,0.76,1.0,1.19,1.65,1.021,1.021
16.0,2021-12-12,154,1,West Ham,Burnley,0,1.0,0.76,1.65,1.19,1.451,1.451
16.0,2021-12-11,155,1,Chelsea,Leeds,1,2.88,1.83,2.13,0.73,1.871,1.871
16.0,2021-12-11,155,1,Leeds,Chelsea,0,1.83,2.88,0.73,2.13,1.357,1.357
16.0,2021-12-12,156,1,Crystal Palace,Everton,1,2.1,1.15,1.38,1.13,1.128,1.128
16.0,2021-12-12,156,1,Everton,Crystal Palace,0,1.15,2.1,1.13,1.38,1.08,1.08
16.0,2021-12-12,157,1,Leicester,Newcastle,1,2.1,0.67,1.91,1.2,1.361,1.361
16.0,2021-12-12,157,1,Newcastle,Leicester,0,0.67,2.1,1.2,1.91,1.121,1.121
16.0,2021-12-11,158,1,Aston Villa,Liverpool,0,0.18,2.84,0.76,2.77,1.127,1.127
16.0,2021-12-11,158,1,Liverpool,Aston Villa,1,2.84,0.18,2.77,0.76,2.801,2.801
16.0,2021-12-11,159,1,Man City,Wolves,1,3.23,0.24,2.37,0.38,2.472,2.472
16.0,2021-12-11,159,1,Wolves,Man City,0,0.24,3.23,0.38,2.37,0.811,0.811
16.0,2021-12-11,160,1,Man Utd,Norwich,0,2.15,1.12,1.83,0.99,1.368,1.368
16.0,2021-12-11,160,1,Norwich,Man Utd,1,1.12,2.15,0.99,1.83,1.082,1.082
17.0,2021-12-15,161,1,Arsenal,West Ham,1,2.83,0.41,1.41,1.23,1.608,1.608
17.0,2021-12-15,161,1,West Ham,Arsenal,0,0.41,2.83,1.23,1.41,1.361,1.361
22.0,2022-01-19,162,1,Brentford,Man Utd,1,2.29,1.82,1.23,1.58,0.838,0.838
22.0,2022-01-19,162,1,Man Utd,Brentford,0,1.82,2.29,1.58,1.23,1.463,1.463
17.0,2021-12-15,163,1,Brighton,Wolves,1,1.37,1.18,1.26,0.76,1.389,1.389
17.0,2021-12-15,163,1,Wolves,Brighton,0,1.18,1.37,0.76,1.26,0.697,0.697
23.0,2022-02-05,164,1,Burnley,Watford,1,0.67,0.98,1.56,1.1,0.9,0.9
23.0,2022-02-05,164,1,Watford,Burnley,0,0.98,0.67,1.1,1.56,1.286,1.286
17.0,2021-12-15,165,1,Crystal Palace,Southampton,1,1.77,0.67,1.41,1.08,1.322,1.322
17.0,2021-12-15,165,1,Southampton,Crystal Palace,0,0.67,1.77,1.08,1.41,1.203,1.203
22.0,2022-01-19,166,1,Leicester,Spurs,1,2.0,4.45,1.44,1.73,1.505,1.505
22.0,2022-01-19,166,1,Spurs,Leicester,0,4.45,2.0,1.73,1.44,2.513,2.513
17.0,2021-12-14,167,1,Aston Villa,Norwich,0,1.64,0.64,1.45,1.12,0.937,0.937
17.0,2021-12-14,167,1,Norwich,Aston Villa,1,0.64,1.64,1.12,1.45,1.09,1.09
17.0,2021-12-16,168,1,Chelsea,Everton,1,3.48,0.66,2.22,0.77,2.073,2.073
17.0,2021-12-16,168,1,Everton,Chelsea,0,0.66,3.48,0.77,2.22,1.094,1.094
17.0,2021-12-16,169,1,Liverpool,Newcastle,1,3.68,0.21,3.16,0.59,2.809,2.809
17.0,2021-12-16,169,1,Newcastle,Liverpool,0,0.21,3.68,0.59,3.16,1.031,1.031
17.0,2021-12-14,170,1,Leeds,Man City,0,0.26,3.81,0.59,2.64,1.452,1.452
17.0,2021-12-14,170,1,Man City,Leeds,1,3.81,0.26,2.64,0.59,2.623,2.623
37.0,2022-05-19,171,0,Aston Villa,Burnley,1,,,1.55,0.87,1.242,1.242
37.0,2022-05-19,171,0,Burnley,Aston Villa,0,,,0.87,1.55,1.425,1.425
33.0,2022-04-20,172,1,Everton,Leicester,1,1.87,0.81,1.46,1.37,0.963,0.963
33.0,2022-04-20,172,1,Leicester,Everton,0,0.81,1.87,1.37,1.46,0.944,0.944
18.0,2021-12-18,173,1,Arsenal,Leeds,0,3.75,1.57,1.56,1.16,1.852,1.852
18.0,2021-12-18,173,1,Leeds,Arsenal,1,1.57,3.75,1.16,1.56,1.213,1.213
25.0,2022-02-15,174,1,Brighton,Man Utd,0,1.12,2.83,1.12,1.42,1.448,1.448
25.0,2022-02-15,174,1,Man Utd,Brighton,1,2.83,1.12,1.42,1.12,1.763,1.763
18.0,2021-12-19,175,1,Man City,Newcastle,0,3.24,0.28,2.9,0.68,2.861,2.861
18.0,2021-12-19,175,1,Newcastle,Man City,1,0.28,3.24,0.68,2.9,0.867,0.867
21.0,2022-01-11,176,1,Brentford,Southampton,0,0.73,1.78,1.17,1.39,0.998,0.998
21.0,2022-01-11,176,1,Southampton,Brentford,1,1.78,0.73,1.39,1.17,0.966,0.966
18.0,2021-12-19,177,1,Liverpool,Spurs,0,1.47,3.39,2.42,1.0,2.983,2.983
18.0,2021-12-19,177,1,Spurs,Liverpool,1,3.39,1.47,1.0,2.42,1.773,1.773
26.0,2022-02-23,178,1,Crystal Palace,Watford,0,0.86,1.75,1.3,1.21,1.159,1.159
26.0,2022-02-23,178,1,Watford,Crystal Palace,1,1.75,0.86,1.21,1.3,1.129,1.129
21.0,2022-01-12,179,1,Norwich,West Ham,0,0.25,2.28,0.75,2.05,0.825,0.825
21.0,2022-01-12,179,1,West Ham,Norwich,1,2.28,0.25,2.05,0.75,1.67,1.67
18.0,2021-12-19,180,1,Chelsea,Wolves,0,0.87,0.36,1.68,0.84,2.354,2.354
18.0,2021-12-19,180,1,Wolves,Chelsea,1,0.36,0.87,0.84,1.68,0.794,0.794
19.0,2021-12-26,181,1,Aston Villa,Chelsea,1,0.44,2.68,1.03,1.82,1.078,1.078
19.0,2021-12-26,181,1,Chelsea,Aston Villa,0,2.68,0.44,1.82,1.03,2.057,2.057
19.0,2021-12-26,182,1,Brentford,Brighton,0,0.83,0.79,0.95,1.46,1.43,1.43
19.0,2021-12-26,182,1,Brighton,Brentford,1,0.79,0.83,1.46,0.95,1.385,1.385
31.0,2022-04-06,183,1,Burnley,Everton,1,2.12,2.35,1.22,1.02,0.736,0.736
31.0,2022-04-06,183,1,Everton,Burnley,0,2.35,2.12,1.02,1.22,0.799,0.799
26.0,2022-02-23,184,1,Leeds,Liverpool,0,0.14,5.21,0.76,2.98,1.384,1.384
26.0,2022-02-23,184,1,Liverpool,Leeds,1,5.21,0.14,2.98,0.76,2.784,2.784
19.0,2021-12-26,185,1,Leicester,Man City,0,2.52,3.8,0.67,2.87,1.509,1.509
19.0,2021-12-26,185,1,Man City,Leicester,1,3.8,2.52,2.87,0.67,2.937,2.937
19.0,2021-12-27,186,1,Man Utd,Newcastle,0,1.97,1.11,1.9,1.1,1.525,1.525
19.0,2021-12-27,186,1,Newcastle,Man Utd,1,1.11,1.97,1.1,1.9,0.749,0.749
19.0,2021-12-26,187,1,Arsenal,Norwich,0,2.62,0.17,1.82,0.81,2.232,2.232
19.0,2021-12-26,187,1,Norwich,Arsenal,1,0.17,2.62,0.81,1.82,1.0,1.0
19.0,2021-12-26,188,1,Crystal Palace,Spurs,0,0.26,3.1,1.09,1.59,1.412,1.412
19.0,2021-12-26,188,1,Spurs,Crystal Palace,1,3.1,0.26,1.59,1.09,2.096,2.096
19.0,2021-12-26,189,1,Southampton,West Ham,0,1.19,1.57,0.97,1.67,1.097,1.097
19.0,2021-12-26,189,1,West Ham,Southampton,1,1.57,1.19,1.67,0.97,1.17,1.17
28.0,2022-03-10,190,1,Watford,Wolves,0,0.56,1.37,0.89,1.36,1.177,1.177
28.0,2022-03-10,190,1,Wolves,Watford,1,1.37,0.56,1.36,0.89,0.939,0.939
26.0,2022-02-24,191,1,Arsenal,Wolves,1,2.82,0.99,1.47,0.66,1.793,1.793
26.0,2022-02-24,191,1,Wolves,Arsenal,0,0.99,2.82,0.66,1.47,0.934,0.934
20.0,2021-12-29,192,1,Brentford,Man City,1,0.26,1.0,0.78,2.68,1.31,1.31
20.0,2021-12-29,192,1,Man City,Brentford,0,1.0,0.26,2.68,0.78,3.109,3.109
20.0,2021-12-29,193,1,Brighton,Chelsea,0,0.99,0.71,0.71,1.81,1.266,1.266
20.0,2021-12-29,193,1,Chelsea,Brighton,1,0.71,0.99,1.81,0.71,2.182,2.182
20.0,2021-12-28,194,1,Crystal Palace,Norwich,1,2.32,0.79,1.63,0.81,1.181,1.181
20.0,2021-12-28,194,1,Norwich,Crystal Palace,0,0.79,2.32,0.81,1.63,0.834,0.834
29.0,2022-03-17,195,1,Everton,Newcastle,1,0.82,0.84,1.41,1.1,0.799,0.799
29.0,2022-03-17,195,1,Newcastle,Everton,0,0.84,0.82,1.1,1.41,1.156,1.156
28.0,2022-03-10,196,1,Aston Villa,Leeds,0,1.28,0.21,1.49,1.44,1.466,1.466
28.0,2022-03-10,196,1,Leeds,Aston Villa,1,0.21,1.28,1.44,1.49,1.397,1.397
20.0,2021-12-28,197,1,Leicester,Liverpool,1,0.68,3.59,1.23,2.71,1.711,1.711
20.0,2021-12-28,197,1,Liverpool,Leicester,0,3.59,0.68,2.71,1.23,2.68,2.68
20.0,2021-12-30,198,1,Burnley,Man Utd,0,1.1,1.94,0.98,1.89,0.969,0.969
20.0,2021-12-30,198,1,Man Utd,Burnley,1,1.94,1.1,1.89,0.98,1.614,1.614
20.0,2021-12-28,199,1,Southampton,Spurs,1,0.37,3.18,1.22,1.58,1.115,1.115
20.0,2021-12-28,199,1,Spurs,Southampton,0,3.18,0.37,1.58,1.22,2.297,2.297
20.0,2021-12-28,200,1,Watford,West Ham,1,1.25,2.75,1.27,1.56,1.337,1.337
20.0,2021-12-28,200,1,West Ham,Watford,0,2.75,1.25,1.56,1.27,1.25,1.25
21.0,2022-01-01,201,1,Arsenal,Man City,1,0.78,2.17,1.14,1.93,2.309,2.309
21.0,2022-01-01,201,1,Man City,Arsenal,0,2.17,0.78,1.93,1.14,2.687,2.687
21.0,2022-01-02,202,1,Aston Villa,Brentford,0,1.22,0.59,1.28,1.33,0.95,0.95
21.0,2022-01-02,202,1,Brentford,Aston Villa,1,0.59,1.22,1.33,1.28,1.1,1.1
21.0,2022-01-02,203,1,Chelsea,Liverpool,1,1.63,1.71,1.5,1.77,1.887,1.887
21.0,2022-01-02,203,1,Liverpool,Chelsea,0,1.71,1.63,1.77,1.5,2.862,2.862
21.0,2022-01-01,204,1,Crystal Palace,West Ham,1,3.07,2.15,1.26,1.47,1.409,1.409
21.0,2022-01-01,204,1,West Ham,Crystal Palace,0,2.15,3.07,1.47,1.26,1.55,1.55
21.0,2022-01-02,205,1,Brighton,Everton,0,1.5,1.85,1.24,1.16,1.211,1.211
21.0,2022-01-02,205,1,Everton,Brighton,1,1.85,1.5,1.16,1.24,1.007,1.007
21.0,2022-01-02,206,1,Burnley,Leeds,0,1.11,1.94,1.25,1.55,0.995,0.995
21.0,2022-01-02,206,1,Leeds,Burnley,1,1.94,1.11,1.55,1.25,1.285,1.285
36.0,2022-05-11,207,0,Leicester,Norwich,1,,,1.87,0.92,0.79,0.79
36.0,2022-05-11,207,0,Norwich,Leicester,0,,,0.92,1.87,1.018,1.018
21.0,2022-01-03,208,1,Man Utd,Wolves,1,0.88,0.87,1.58,0.8,1.679,1.679
21.0,2022-01-03,208,1,Wolves,Man Utd,0,0.87,0.88,0.8,1.58,0.707,0.707
28.0,2022-03-10,209,1,Newcastle,Southampton,0,0.91,1.9,1.16,1.57,1.495,1.495
28.0,2022-03-10,209,1,Southampton,Newcastle,1,1.9,0.91,1.57,1.16,1.664,1.664
21.0,2022-01-01,210,1,Spurs,Watford,0,2.67,0.35,1.8,1.17,2.474,2.474
21.0,2022-01-01,210,1,Watford,Spurs,1,0.35,2.67,1.17,1.8,1.32,1.32
22.0,2022-01-15,211,1,Aston Villa,Man Utd,1,2.02,1.24,1.36,1.49,1.004,1.004
22.0,2022-01-15,211,1,Man Utd,Aston Villa,0,1.24,2.02,1.49,1.36,1.519,1.519
22.0,2022-01-14,212,1,Brighton,Crystal Palace,1,2.21,0.52,1.52,1.01,1.269,1.269
22.0,2022-01-14,212,1,Crystal Palace,Brighton,0,0.52,2.21,1.01,1.52,1.741,1.741
27.0,2022-03-01,213,1,Burnley,Leicester,1,1.31,1.68,1.47,1.4,0.861,0.861
27.0,2022-03-01,213,1,Leicester,Burnley,0,1.68,1.31,1.4,1.47,1.4,1.4
22.0,2022-01-16,214,1,Brentford,Liverpool,0,0.41,3.36,0.68,2.78,0.945,0.945
22.0,2022-01-16,214,1,Liverpool,Brentford,1,3.36,0.41,2.78,0.68,2.632,2.632
22.0,2022-01-15,215,1,Chelsea,Man City,0,0.55,0.92,1.05,1.99,1.836,1.836
22.0,2022-01-15,215,1,Man City,Chelsea,1,0.92,0.55,1.99,1.05,2.584,2.584
22.0,2022-01-15,216,1,Newcastle,Watford,1,1.34,1.6,1.43,1.3,0.822,0.822
22.0,2022-01-15,216,1,Watford,Newcastle,0,1.6,1.34,1.3,1.43,1.126,1.126
22.0,2022-01-15,217,1,Everton,Norwich,0,0.74,1.07,1.53,1.07,1.176,1.176
22.0,2022-01-15,217,1,Norwich,Everton,1,1.07,0.74,1.07,1.53,0.71,0.71
36.0,2022-05-12,218,0,Arsenal,Spurs,0,,,1.39,1.53,1.892,1.892
36.0,2022-05-12,218,0,Spurs,Arsenal,1,,,1.53,1.39,1.751,1.751
22.0,2022-01-16,219,1,Leeds,West Ham,0,2.0,2.33,1.15,1.88,1.416,1.416
22.0,2022-01-16,219,1,West Ham,Leeds,1,2.33,2.0,1.88,1.15,1.792,1.792
22.0,2022-01-15,220,1,Southampton,Wolves,0,0.97,2.27,0.89,1.26,1.129,1.129
22.0,2022-01-15,220,1,Wolves,Southampton,1,2.27,0.97,1.26,0.89,0.739,0.739
23.0,2022-01-23,221,1,Arsenal,Burnley,1,1.57,0.43,1.96,0.79,2.003,2.003
23.0,2022-01-23,221,1,Burnley,Arsenal,0,0.43,1.57,0.79,1.96,1.018,1.018
23.0,2022-01-22,222,1,Brentford,Wolves,1,0.94,0.24,1.09,1.08,1.128,1.128
23.0,2022-01-22,222,1,Wolves,Brentford,0,0.24,0.94,1.08,1.09,1.046,1.046
23.0,2022-01-23,223,1,Chelsea,Spurs,1,1.21,0.39,1.7,1.14,1.381,1.381
23.0,2022-01-23,223,1,Spurs,Chelsea,0,0.39,1.21,1.14,1.7,2.9,2.9
23.0,2022-01-23,224,1,Crystal Palace,Liverpool,1,1.7,1.49,0.97,2.55,1.497,1.497
23.0,2022-01-23,224,1,Liverpool,Crystal Palace,0,1.49,1.7,2.55,0.97,2.777,2.777
23.0,2022-01-22,225,1,Aston Villa,Everton,0,0.92,1.54,1.39,1.42,1.207,1.207
23.0,2022-01-22,225,1,Everton,Aston Villa,1,1.54,0.92,1.42,1.39,1.088,1.088
23.0,2022-01-22,226,1,Leeds,Newcastle,1,1.22,1.19,1.76,1.14,1.533,1.533
23.0,2022-01-22,226,1,Newcastle,Leeds,0,1.19,1.22,1.14,1.76,0.925,0.925
23.0,2022-01-23,227,1,Brighton,Leicester,0,1.33,2.05,1.47,1.45,1.308,1.308
23.0,2022-01-23,227,1,Leicester,Brighton,1,2.05,1.33,1.45,1.47,1.604,1.604
23.0,2022-01-22,228,1,Man Utd,West Ham,1,1.55,0.32,1.73,1.44,1.535,1.535
23.0,2022-01-22,228,1,West Ham,Man Utd,0,0.32,1.55,1.44,1.73,1.9,1.9
23.0,2022-01-22,229,1,Man City,Southampton,0,1.94,1.16,2.51,0.76,2.251,2.251
23.0,2022-01-22,229,1,Southampton,Man City,1,1.16,1.94,0.76,2.51,1.097,1.097
23.0,2022-01-21,230,1,Norwich,Watford,0,0.92,1.55,0.94,1.54,0.782,0.782
23.0,2022-01-21,230,1,Watford,Norwich,1,1.55,0.92,1.54,0.94,1.22,1.22
24.0,2022-02-09,231,1,Aston Villa,Leeds,1,1.8,2.18,1.64,1.21,1.15,1.15
24.0,2022-02-09,231,1,Leeds,Aston Villa,0,2.18,1.8,1.21,1.64,1.47,1.47
22.0,2022-01-18,232,1,Brighton,Chelsea,1,0.71,0.59,1.0,1.51,1.457,1.457
22.0,2022-01-18,232,1,Chelsea,Brighton,0,0.59,0.71,1.51,1.0,1.579,1.579
24.0,2022-02-08,233,1,Burnley,Man Utd,1,0.82,1.79,1.18,1.58,0.854,0.854
24.0,2022-02-08,233,1,Man Utd,Burnley,0,1.79,0.82,1.58,1.18,1.538,1.538
24.0,2022-02-09,234,1,Crystal Palace,Norwich,0,1.21,0.48,1.45,1.1,1.538,1.538
24.0,2022-02-09,234,1,Norwich,Crystal Palace,1,0.48,1.21,1.1,1.45,0.81,0.81
24.0,2022-02-08,235,1,Watford,West Ham,0,0.37,1.02,1.04,1.84,1.225,1.225
24.0,2022-02-08,235,1,West Ham,Watford,1,1.02,0.37,1.84,1.04,1.584,1.584
24.0,2022-02-10,236,1,Arsenal,Wolves,0,1.45,0.78,1.28,0.88,1.917,1.917
24.0,2022-02-10,236,1,Wolves,Arsenal,1,0.78,1.45,0.88,1.28,0.884,0.884
24.0,2022-02-10,237,1,Leicester,Liverpool,0,0.43,2.8,1.0,2.96,1.693,1.693
24.0,2022-02-10,237,1,Liverpool,Leicester,1,2.8,0.43,2.96,1.0,2.52,2.52
24.0,2022-02-09,238,1,Brentford,Man City,0,0.55,1.99,0.46,2.72,1.091,1.091
24.0,2022-02-09,238,1,Man City,Brentford,1,1.99,0.55,2.72,0.46,2.189,2.189
24.0,2022-02-08,239,1,Everton,Newcastle,0,0.84,2.7,1.39,1.32,1.179,1.179
24.0,2022-02-08,239,1,Newcastle,Everton,1,2.7,0.84,1.32,1.39,0.978,0.978
24.0,2022-02-09,240,1,Southampton,Spurs,0,2.0,2.15,0.88,1.95,1.11,1.11
24.0,2022-02-09,240,1,Spurs,Southampton,1,2.15,2.0,1.95,0.88,2.398,2.398
25.0,2022-02-12,241,1,Brentford,Crystal Palace,1,1.8,0.57,1.36,1.27,0.982,0.982
25.0,2022-02-12,241,1,Crystal Palace,Brentford,0,0.57,1.8,1.27,1.36,1.472,1.472
25.0,2022-02-13,242,1,Burnley,Liverpool,1,1.21,2.51,0.85,2.5,0.847,0.847
25.0,2022-02-13,242,1,Liverpool,Burnley,0,2.51,1.21,2.5,0.85,2.576,2.576
33.0,2022-04-20,243,1,Arsenal,Chelsea,0,1.82,0.67,1.13,1.56,1.768,1.768
33.0,2022-04-20,243,1,Chelsea,Arsenal,1,0.67,1.82,1.56,1.13,2.045,2.045
25.0,2022-02-12,244,1,Everton,Leeds,1,2.25,0.29,1.61,1.43,1.111,1.111
25.0,2022-02-12,244,1,Leeds,Everton,0,0.29,2.25,1.43,1.61,1.612,1.612
25.0,2022-02-13,245,1,Leicester,West Ham,1,1.36,0.96,1.61,1.61,1.44,1.44
25.0,2022-02-13,245,1,West Ham,Leicester,0,0.96,1.36,1.61,1.61,1.471,1.471
25.0,2022-02-12,246,1,Man Utd,Southampton,1,2.46,0.69,1.85,1.08,1.588,1.588
25.0,2022-02-12,246,1,Southampton,Man Utd,0,0.69,2.46,1.08,1.85,1.288,1.288
25.0,2022-02-13,247,1,Aston Villa,Newcastle,0,0.56,0.45,1.42,1.33,1.28,1.28
25.0,2022-02-13,247,1,Newcastle,Aston Villa,1,0.45,0.56,1.33,1.42,1.323,1.323
25.0,2022-02-12,248,1,Man City,Norwich,0,4.76,0.4,2.58,0.53,2.149,2.149
25.0,2022-02-12,248,1,Norwich,Man City,1,0.4,4.76,0.53,2.58,0.744,0.744
25.0,2022-02-13,249,1,Spurs,Wolves,1,1.16,1.66,1.53,0.82,2.349,2.349
25.0,2022-02-13,249,1,Wolves,Spurs,0,1.66,1.16,0.82,1.53,0.864,0.864
25.0,2022-02-12,250,1,Brighton,Watford,0,1.99,0.58,1.4,1.03,1.312,1.312
25.0,2022-02-12,250,1,Watford,Brighton,1,0.58,1.99,1.03,1.4,1.054,1.054
26.0,2022-02-19,251,1,Arsenal,Brentford,1,1.67,0.65,1.84,0.71,1.823,1.823
26.0,2022-02-19,251,1,Brentford,Arsenal,0,0.65,1.67,0.71,1.84,1.146,1.146
26.0,2022-02-19,252,1,Aston Villa,Watford,1,1.15,1.81,1.66,0.95,1.136,1.136
26.0,2022-02-19,252,1,Watford,Aston Villa,0,1.81,1.15,0.95,1.66,0.959,0.959
26.0,2022-02-19,253,1,Brighton,Burnley,1,0.6,0.74,1.48,0.84,1.382,1.382
26.0,2022-02-19,253,1,Burnley,Brighton,0,0.74,0.6,0.84,1.48,0.92,0.92
26.0,2022-02-19,254,1,Chelsea,Crystal Palace,0,1.19,0.63,1.78,0.95,1.347,1.347
26.0,2022-02-19,254,1,Crystal Palace,Chelsea,1,0.63,1.19,0.95,1.78,1.292,1.292
26.0,2022-02-20,255,1,Leeds,Man Utd,1,1.53,2.42,1.33,1.8,1.348,1.348
26.0,2022-02-20,255,1,Man Utd,Leeds,0,2.42,1.53,1.8,1.33,1.976,1.976
26.0,2022-02-19,256,1,Liverpool,Norwich,1,3.67,0.54,2.94,0.4,2.563,2.563
26.0,2022-02-19,256,1,Norwich,Liverpool,0,0.54,3.67,0.4,2.94,0.675,0.675
26.0,2022-02-19,257,1,Man City,Spurs,1,2.54,2.23,2.46,0.79,2.671,2.671
26.0,2022-02-19,257,1,Spurs,Man City,0,2.23,2.54,0.79,2.46,2.111,2.111
26.0,2022-02-19,258,1,Everton,Southampton,0,0.27,2.44,1.28,1.54,1.339,1.339
26.0,2022-02-19,258,1,Southampton,Everton,1,2.44,0.27,1.54,1.28,1.168,1.168
26.0,2022-02-19,259,1,Newcastle,West Ham,0,1.19,0.89,1.0,1.72,1.148,1.148
26.0,2022-02-19,259,1,West Ham,Newcastle,1,0.89,1.19,1.72,1.0,1.369,1.369
26.0,2022-02-20,260,1,Leicester,Wolves,0,1.3,0.58,1.16,1.44,1.424,1.424
26.0,2022-02-20,260,1,Wolves,Leicester,1,0.58,1.3,1.44,1.16,1.023,1.023
29.0,2022-03-16,261,1,Arsenal,Liverpool,1,0.57,1.24,1.15,1.93,2.054,2.054
29.0,2022-03-16,261,1,Liverpool,Arsenal,0,1.24,0.57,1.93,1.15,2.981,2.981
27.0,2022-02-26,262,1,Brentford,Newcastle,1,0.57,2.33,1.4,1.07,1.047,1.047
27.0,2022-02-26,262,1,Newcastle,Brentford,0,2.33,0.57,1.07,1.4,1.156,1.156
27.0,2022-02-26,263,1,Aston Villa,Brighton,0,1.37,0.8,1.02,1.39,1.139,1.139
27.0,2022-02-26,263,1,Brighton,Aston Villa,1,0.8,1.37,1.39,1.02,1.226,1.226
37.0,2022-05-19,264,0,Chelsea,Leicester,1,,,2.18,0.8,1.936,1.936
37.0,2022-05-19,264,0,Leicester,Chelsea,0,,,0.8,2.18,0.79,0.79
27.0,2022-02-26,265,1,Burnley,Crystal Palace,0,0.22,0.99,1.03,1.36,1.021,1.021
27.0,2022-02-26,265,1,Crystal Palace,Burnley,1,0.99,0.22,1.36,1.03,1.099,1.099
27.0,2022-02-26,266,1,Everton,Man City,1,0.67,1.96,0.75,2.66,1.125,1.125
27.0,2022-02-26,266,1,Man City,Everton,0,1.96,0.67,2.66,0.75,2.645,2.645
27.0,2022-02-26,267,1,Leeds,Spurs,1,1.8,2.79,1.4,1.86,1.135,1.135
27.0,2022-02-26,267,1,Spurs,Leeds,0,2.79,1.8,1.86,1.4,1.868,1.868
27.0,2022-02-26,268,1,Man Utd,Watford,1,2.53,0.53,2.04,0.84,2.065,2.065
27.0,2022-02-26,268,1,Watford,Man Utd,0,0.53,2.53,0.84,2.04,1.254,1.254
27.0,2022-02-25,269,1,Norwich,Southampton,0,0.44,2.97,0.86,1.7,0.648,0.648
27.0,2022-02-25,269,1,Southampton,Norwich,1,2.97,0.44,1.7,0.86,1.423,1.423
27.0,2022-02-27,270,1,West Ham,Wolves,1,1.53,1.06,1.31,1.0,1.273,1.273
27.0,2022-02-27,270,1,Wolves,West Ham,0,1.06,1.53,1.0,1.31,0.945,0.945
28.0,2022-03-05,271,1,Aston Villa,Southampton,1,2.59,1.39,1.47,1.21,1.185,1.185
28.0,2022-03-05,271,1,Southampton,Aston Villa,0,1.39,2.59,1.21,1.47,1.732,1.732
28.0,2022-03-05,272,1,Burnley,Chelsea,1,0.83,1.92,0.82,1.67,0.951,0.951
28.0,2022-03-05,272,1,Chelsea,Burnley,0,1.92,0.83,1.67,0.82,1.315,1.315
28.0,2022-03-05,273,1,Leeds,Leicester,0,1.91,0.32,1.48,1.99,1.268,1.268
28.0,2022-03-05,273,1,Leicester,Leeds,1,0.32,1.91,1.99,1.48,1.456,1.456
28.0,2022-03-05,274,1,Liverpool,West Ham,1,2.43,1.54,2.58,0.76,3.269,3.269
28.0,2022-03-05,274,1,West Ham,Liverpool,0,1.54,2.43,0.76,2.58,1.324,1.324
28.0,2022-03-06,275,1,Man City,Man Utd,1,3.42,0.48,2.36,0.83,2.508,2.508
28.0,2022-03-06,275,1,Man Utd,Man City,0,0.48,3.42,0.83,2.36,2.158,2.158
28.0,2022-03-05,276,1,Brighton,Newcastle,0,1.74,1.91,1.19,1.17,1.141,1.141
28.0,2022-03-05,276,1,Newcastle,Brighton,1,1.91,1.74,1.17,1.19,1.391,1.391
28.0,2022-03-05,277,1,Brentford,Norwich,0,2.24,0.93,1.36,1.03,0.951,0.951
28.0,2022-03-05,277,1,Norwich,Brentford,1,0.93,2.24,1.03,1.36,0.606,0.606
28.0,2022-03-07,278,1,Everton,Spurs,0,0.27,3.11,1.04,1.93,1.034,1.034
28.0,2022-03-07,278,1,Spurs,Everton,1,3.11,0.27,1.93,1.04,2.052,2.052
28.0,2022-03-06,279,1,Arsenal,Watford,0,0.93,1.45,1.84,0.85,1.998,1.998
28.0,2022-03-06,279,1,Watford,Arsenal,1,1.45,0.93,0.85,1.84,1.109,1.109
28.0,2022-03-05,280,1,Crystal Palace,Wolves,0,2.37,0.82,0.93,1.21,1.078,1.078
28.0,2022-03-05,280,1,Wolves,Crystal Palace,1,0.82,2.37,1.21,0.93,0.968,0.968
29.0,2022-03-13,281,1,Arsenal,Leicester,1,3.13,0.52,2.08,1.0,1.785,1.785
29.0,2022-03-13,281,1,Leicester,Arsenal,0,0.52,3.13,1.0,2.08,1.228,1.228
29.0,2022-03-12,282,1,Brentford,Burnley,1,1.83,0.77,1.28,1.05,1.209,1.209
29.0,2022-03-12,282,1,Burnley,Brentford,0,0.77,1.83,1.05,1.28,0.927,0.927
29.0,2022-03-12,283,1,Brighton,Liverpool,1,0.69,2.5,0.84,2.13,1.26,1.26
29.0,2022-03-12,283,1,Liverpool,Brighton,0,2.5,0.69,2.13,0.84,3.102,3.102
29.0,2022-03-13,284,1,Chelsea,Newcastle,1,1.15,0.27,2.14,0.62,1.555,1.555
29.0,2022-03-13,284,1,Newcastle,Chelsea,0,0.27,1.15,0.62,2.14,1.378,1.378
29.0,2022-03-14,285,1,Crystal Palace,Man City,1,0.45,2.33,0.71,2.35,1.336,1.336
29.0,2022-03-14,285,1,Man City,Crystal Palace,0,2.33,0.45,2.35,0.71,2.69,2.69
29.0,2022-03-13,286,1,Everton,Wolves,1,0.47,0.75,1.21,1.1,0.881,0.881
29.0,2022-03-13,286,1,Wolves,Everton,0,0.75,0.47,1.1,1.21,1.025,1.025
29.0,2022-03-13,287,1,Leeds,Norwich,1,2.91,1.51,1.78,0.92,1.159,1.159
29.0,2022-03-13,287,1,Norwich,Leeds,0,1.51,2.91,0.92,1.78,0.737,0.737
29.0,2022-03-12,288,1,Man Utd,Spurs,1,1.18,1.85,1.58,1.54,1.822,1.822
29.0,2022-03-12,288,1,Spurs,Man Utd,0,1.85,1.18,1.54,1.58,2.264,2.264
29.0,2022-03-13,289,1,Southampton,Watford,1,1.41,1.34,1.71,1.06,1.711,1.711
29.0,2022-03-13,289,1,Watford,Southampton,0,1.34,1.41,1.06,1.71,1.054,1.054
29.0,2022-03-13,290,1,Aston Villa,West Ham,0,1.33,1.51,1.24,1.41,1.429,1.429
29.0,2022-03-13,290,1,West Ham,Aston Villa,1,1.51,1.33,1.41,1.24,1.368,1.368
30.0,2022-03-19,291,1,Arsenal,Aston Villa,0,1.14,0.35,1.47,1.13,1.757,1.757
30.0,2022-03-19,291,1,Aston Villa,Arsenal,1,0.35,1.14,1.13,1.47,1.409,1.409
33.0,2022-04-21,292,1,Burnley,Southampton,1,2.24,1.45,1.43,1.2,1.266,1.266
33.0,2022-04-21,292,1,Southampton,Burnley,0,1.45,2.24,1.2,1.43,1.357,1.357
30.0,2022-03-20,293,1,Brentford,Leicester,0,1.74,1.23,1.26,1.63,1.333,1.333
30.0,2022-03-20,293,1,Leicester,Brentford,1,1.23,1.74,1.63,1.26,1.087,1.087
33.0,2022-04-19,294,1,Liverpool,Man Utd,1,2.28,0.12,2.53,0.78,2.313,2.313
33.0,2022-04-19,294,1,Man Utd,Liverpool,0,0.12,2.28,0.78,2.53,1.497,1.497
33.0,2022-04-20,295,1,Brighton,Man City,0,0.14,1.66,0.38,2.21,1.188,1.188
33.0,2022-04-20,295,1,Man City,Brighton,1,1.66,0.14,2.21,0.38,2.229,2.229
33.0,2022-04-20,296,1,Crystal Palace,Newcastle,0,0.56,0.79,1.24,1.2,1.335,1.335
33.0,2022-04-20,296,1,Newcastle,Crystal Palace,1,0.79,0.56,1.2,1.24,1.449,1.449
28.0,2022-03-10,297,1,Chelsea,Norwich,0,2.03,1.0,2.21,0.63,1.436,1.436
28.0,2022-03-10,297,1,Norwich,Chelsea,1,1.0,2.03,0.63,2.21,0.671,0.671
30.0,2022-03-20,298,1,Spurs,West Ham,1,3.11,0.62,1.85,1.17,2.129,2.129
30.0,2022-03-20,298,1,West Ham,Spurs,0,0.62,3.11,1.17,1.85,1.396,1.396
36.0,2022-05-11,299,0,Everton,Watford,0,,,1.27,1.27,1.002,1.002
36.0,2022-05-11,299,0,Watford,Everton,1,,,1.27,1.27,1.055,1.055
30.0,2022-03-18,300,1,Leeds,Wolves,0,2.98,1.2,1.04,1.44,1.509,1.509
30.0,2022-03-18,300,1,Wolves,Leeds,1,1.2,2.98,1.44,1.04,0.97,0.97
31.0,2022-04-02,301,1,Brighton,Norwich,1,2.52,0.63,1.75,0.68,1.165,1.165
31.0,2022-04-02,301,1,Norwich,Brighton,0,0.63,2.52,0.68,1.75,0.892,0.892
31.0,2022-04-02,302,1,Burnley,Man City,1,0.1,1.67,0.59,2.37,0.895,0.895
31.0,2022-04-02,302,1,Man City,Burnley,0,1.67,0.1,2.37,0.59,2.618,2.618
31.0,2022-04-02,303,1,Brentford,Chelsea,0,2.43,1.57,0.67,1.99,1.415,1.415
31.0,2022-04-02,303,1,Chelsea,Brentford,1,1.57,2.43,1.99,0.67,1.474,1.474
31.0,2022-04-04,304,1,Arsenal,Crystal Palace,0,1.26,1.57,1.5,0.97,1.634,1.634
31.0,2022-04-04,304,1,Crystal Palace,Arsenal,1,1.57,1.26,0.97,1.5,1.159,1.159
31.0,2022-04-02,305,1,Leeds,Southampton,1,1.51,1.75,1.64,1.5,1.804,1.804
31.0,2022-04-02,305,1,Southampton,Leeds,0,1.75,1.51,1.5,1.64,1.651,1.651
31.0,2022-04-02,306,1,Liverpool,Watford,1,2.19,0.71,2.96,0.45,2.633,2.633
31.0,2022-04-02,306,1,Watford,Liverpool,0,0.71,2.19,0.45,2.96,1.111,1.111
31.0,2022-04-02,307,1,Leicester,Man Utd,0,1.18,1.07,1.18,2.0,1.115,1.115
31.0,2022-04-02,307,1,Man Utd,Leicester,1,1.07,1.18,2.0,1.18,1.694,1.694
31.0,2022-04-03,308,1,Newcastle,Spurs,0,0.61,3.79,0.84,2.04,1.093,1.093
31.0,2022-04-03,308,1,Spurs,Newcastle,1,3.79,0.61,2.04,0.84,2.325,2.325
31.0,2022-04-03,309,1,Everton,West Ham,0,0.78,1.61,1.04,1.62,0.803,0.803
31.0,2022-04-03,309,1,West Ham,Everton,1,1.61,0.78,1.62,1.04,1.241,1.241
31.0,2022-04-02,310,1,Aston Villa,Wolves,0,1.89,1.75,1.12,1.12,1.197,1.197
31.0,2022-04-02,310,1,Wolves,Aston Villa,1,1.75,1.89,1.12,1.12,1.016,1.016
32.0,2022-04-09,311,1,Arsenal,Brighton,1,2.65,0.68,1.63,0.73,1.559,1.559
32.0,2022-04-09,311,1,Brighton,Arsenal,0,0.68,2.65,0.73,1.63,1.436,1.436
32.0,2022-04-09,312,1,Aston Villa,Spurs,1,1.67,1.17,1.26,1.74,1.336,1.336
32.0,2022-04-09,312,1,Spurs,Aston Villa,0,1.17,1.67,1.74,1.26,2.618,2.618
32.0,2022-04-10,313,1,Brentford,West Ham,1,1.82,0.27,1.42,1.32,1.618,1.618
32.0,2022-04-10,313,1,West Ham,Brentford,0,0.27,1.82,1.32,1.42,1.315,1.315
32.0,2022-04-09,314,1,Everton,Man Utd,1,0.38,0.82,1.25,1.6,1.109,1.109
32.0,2022-04-09,314,1,Man Utd,Everton,0,0.82,0.38,1.6,1.25,1.569,1.569
32.0,2022-04-10,315,1,Crystal Palace,Leicester,0,1.71,0.66,1.37,1.4,1.241,1.241
32.0,2022-04-10,315,1,Leicester,Crystal Palace,1,0.66,1.71,1.4,1.37,1.128,1.128
32.0,2022-04-10,316,1,Liverpool,Man City,0,1.39,1.43,1.31,1.62,2.544,2.544
32.0,2022-04-10,316,1,Man City,Liverpool,1,1.43,1.39,1.62,1.31,2.429,2.429
32.0,2022-04-08,317,1,Newcastle,Wolves,1,1.52,0.27,1.17,1.1,0.996,0.996
32.0,2022-04-08,317,1,Wolves,Newcastle,0,0.27,1.52,1.1,1.17,1.163,1.163
32.0,2022-04-10,318,1,Burnley,Norwich,0,1.5,1.65,1.37,0.95,1.013,1.013
32.0,2022-04-10,318,1,Norwich,Burnley,1,1.65,1.5,0.95,1.37,0.839,0.839
32.0,2022-04-09,319,1,Chelsea,Southampton,0,4.25,0.6,1.8,1.08,1.493,1.493
32.0,2022-04-09,319,1,Southampton,Chelsea,1,0.6,4.25,1.08,1.8,1.671,1.671
32.0,2022-04-09,320,1,Leeds,Watford,0,0.86,1.07,1.51,1.42,1.745,1.745
32.0,2022-04-09,320,1,Watford,Leeds,1,1.07,0.86,1.42,1.51,1.031,1.031
36.0,2022-05-10,321,0,Aston Villa,Liverpool,1,,,0.97,2.01,1.242,1.242
36.0,2022-05-10,321,0,Liverpool,Aston Villa,0,,,2.01,0.97,2.207,2.207
37.0,2022-05-19,322,0,Crystal Palace,Everton,0,,,1.32,1.11,1.18,1.18
37.0,2022-05-19,322,0,Everton,Crystal Palace,1,,,1.11,1.32,1.002,1.002
36.0,2022-05-11,323,0,Chelsea,Leeds,0,,,2.21,1.04,1.936,1.936
36.0,2022-05-11,323,0,Leeds,Chelsea,1,,,1.04,2.21,1.568,1.568
33.0,2022-04-16,324,1,Man Utd,Norwich,1,1.81,1.63,2.09,0.7,1.419,1.419
33.0,2022-04-16,324,1,Norwich,Man Utd,0,1.63,1.81,0.7,2.09,1.001,1.001
33.0,2022-04-17,325,1,Leicester,Newcastle,0,0.58,2.84,1.35,1.37,1.035,1.035
33.0,2022-04-17,325,1,Newcastle,Leicester,1,2.84,0.58,1.37,1.35,1.101,1.101
33.0,2022-04-16,326,1,Arsenal,Southampton,0,1.73,0.96,1.83,1.02,1.777,1.777
33.0,2022-04-16,326,1,Southampton,Arsenal,1,0.96,1.73,1.02,1.83,1.456,1.456
33.0,2022-04-16,327,1,Brighton,Spurs,0,0.8,0.79,0.91,1.92,1.285,1.285
33.0,2022-04-16,327,1,Spurs,Brighton,1,0.79,0.8,1.92,0.91,2.328,2.328
33.0,2022-04-16,328,1,Brentford,Watford,0,2.15,1.93,1.47,1.16,1.658,1.658
33.0,2022-04-16,328,1,Watford,Brentford,1,1.93,2.15,1.16,1.47,1.039,1.039
33.0,2022-04-17,329,1,Burnley,West Ham,0,1.89,2.77,1.02,1.5,1.11,1.11
33.0,2022-04-17,329,1,West Ham,Burnley,1,2.77,1.89,1.5,1.02,1.106,1.106
,,330,0,Man City,Wolves,0,,,2.11,0.5,,
,,330,0,Wolves,Man City,1,,,0.5,2.11,,
34.0,2022-04-23,331,1,Arsenal,Man Utd,1,2.35,2.38,1.8,0.97,1.778,1.778
34.0,2022-04-23,331,1,Man Utd,Arsenal,0,2.38,2.35,0.97,1.8,1.222,1.222
34.0,2022-04-23,332,1,Brentford,Spurs,1,1.37,0.67,1.23,1.85,1.757,1.757
34.0,2022-04-23,332,1,Spurs,Brentford,0,0.67,1.37,1.85,1.23,2.021,2.021
34.0,2022-04-24,333,1,Brighton,Southampton,1,1.48,0.85,1.44,1.09,0.978,0.978
34.0,2022-04-24,333,1,Southampton,Brighton,0,0.85,1.48,1.09,1.44,1.376,1.376
34.0,2022-04-24,334,1,Burnley,Wolves,1,1.28,0.58,1.18,0.98,1.461,1.461
34.0,2022-04-24,334,1,Wolves,Burnley,0,0.58,1.28,0.98,1.18,0.984,0.984
34.0,2022-04-24,335,1,Chelsea,West Ham,1,2.6,0.39,2.06,0.91,1.77,1.77
34.0,2022-04-24,335,1,West Ham,Chelsea,0,0.39,2.6,0.91,2.06,1.439,1.439
34.0,2022-04-25,336,0,Crystal Palace,Leeds,1,,,1.64,1.16,1.18,1.18
34.0,2022-04-25,336,0,Leeds,Crystal Palace,0,,,1.16,1.64,1.568,1.568
34.0,2022-04-23,337,1,Aston Villa,Leicester,0,0.6,0.28,1.44,1.4,1.403,1.403
34.0,2022-04-23,337,1,Leicester,Aston Villa,1,0.28,0.6,1.4,1.44,0.917,0.917
34.0,2022-04-24,338,1,Everton,Liverpool,0,0.43,1.81,0.5,2.86,1.144,1.144
34.0,2022-04-24,338,1,Liverpool,Everton,1,1.81,0.43,2.86,0.5,2.307,2.307
34.0,2022-04-23,339,1,Man City,Watford,1,3.25,0.41,2.91,0.22,2.115,2.115
34.0,2022-04-23,339,1,Watford,Man City,0,0.41,3.25,0.22,2.91,1.217,1.217
34.0,2022-04-23,340,1,Newcastle,Norwich,0,1.62,0.58,1.43,1.1,1.317,1.317
34.0,2022-04-23,340,1,Norwich,Newcastle,1,0.58,1.62,1.1,1.43,1.127,1.127
35.0,2022-04-30,341,0,Aston Villa,Norwich,1,,,1.91,0.75,1.242,1.242
35.0,2022-04-30,341,0,Norwich,Aston Villa,0,,,0.75,1.91,1.018,1.018
35.0,2022-05-01,342,0,Chelsea,Everton,0,,,1.85,1.02,1.936,1.936
35.0,2022-05-01,342,0,Everton,Chelsea,1,,,1.02,1.85,1.002,1.002
35.0,2022-04-30,343,0,Leeds,Man City,1,,,0.71,2.72,1.568,1.568
35.0,2022-04-30,343,0,Man City,Leeds,0,,,2.72,0.71,2.342,2.342
35.0,2022-05-02,344,0,Brentford,Man Utd,0,,,1.28,1.57,1.679,1.679
35.0,2022-05-02,344,0,Man Utd,Brentford,1,,,1.57,1.28,1.454,1.454
35.0,2022-04-30,345,0,Liverpool,Newcastle,0,,,2.39,0.64,2.207,2.207
35.0,2022-04-30,345,0,Newcastle,Liverpool,1,,,0.64,2.39,1.378,1.378
35.0,2022-04-30,346,0,Crystal Palace,Southampton,0,,,1.37,1.31,1.18,1.18
35.0,2022-04-30,346,0,Southampton,Crystal Palace,1,,,1.31,1.37,1.271,1.271
35.0,2022-05-01,347,0,Leicester,Spurs,0,,,0.93,2.11,0.79,0.79
35.0,2022-05-01,347,0,Spurs,Leicester,1,,,2.11,0.93,1.751,1.751
35.0,2022-04-30,348,0,Burnley,Watford,0,,,1.31,1.15,1.425,1.425
35.0,2022-04-30,348,0,Watford,Burnley,1,,,1.15,1.31,1.055,1.055
35.0,2022-05-01,349,0,Arsenal,West Ham,0,,,1.69,1.06,1.892,1.892
35.0,2022-05-01,349,0,West Ham,Arsenal,1,,,1.06,1.69,1.229,1.229
35.0,2022-04-30,350,0,Brighton,Wolves,0,,,1.02,1.04,1.079,1.079
35.0,2022-04-30,350,0,Wolves,Brighton,1,,,1.04,1.02,0.903,0.903
36.0,2022-05-08,351,0,Arsenal,Leeds,1,,,2.11,0.95,1.892,1.892
36.0,2022-05-08,351,0,Leeds,Arsenal,0,,,0.95,2.11,1.568,1.568
36.0,2022-05-07,352,0,Brentford,Southampton,1,,,1.7,1.16,1.679,1.679
36.0,2022-05-07,352,0,Southampton,Brentford,0,,,1.16,1.7,1.271,1.271
36.0,2022-05-07,353,0,Brighton,Man Utd,1,,,1.33,1.23,1.079,1.079
36.0,2022-05-07,353,0,Man Utd,Brighton,0,,,1.23,1.33,1.454,1.454
36.0,2022-05-07,354,0,Aston Villa,Burnley,0,,,1.39,1.04,1.242,1.242
36.0,2022-05-07,354,0,Burnley,Aston Villa,1,,,1.04,1.39,1.425,1.425
36.0,2022-05-07,355,0,Chelsea,Wolves,1,,,1.84,0.65,1.936,1.936
36.0,2022-05-07,355,0,Wolves,Chelsea,0,,,0.65,1.84,0.903,0.903
36.0,2022-05-07,356,0,Crystal Palace,Watford,1,,,1.7,0.83,1.18,1.18
36.0,2022-05-07,356,0,Watford,Crystal Palace,0,,,0.83,1.7,1.055,1.055
36.0,2022-05-08,357,0,Everton,Leicester,0,,,1.07,1.58,1.002,1.002
36.0,2022-05-08,357,0,Leicester,Everton,1,,,1.58,1.07,0.79,0.79
36.0,2022-05-07,358,0,Liverpool,Spurs,1,,,2.31,0.99,2.207,2.207
36.0,2022-05-07,358,0,Spurs,Liverpool,0,,,0.99,2.31,1.751,1.751
36.0,2022-05-08,359,0,Man City,Newcastle,1,,,2.3,0.52,2.342,2.342
36.0,2022-05-08,359,0,Newcastle,Man City,0,,,0.52,2.3,1.378,1.378
36.0,2022-05-08,360,0,Norwich,West Ham,1,,,1.06,1.7,1.018,1.018
36.0,2022-05-08,360,0,West Ham,Norwich,0,,,1.7,1.06,1.229,1.229
37.0,2022-05-15,361,0,Aston Villa,Crystal Palace,1,,,1.37,1.02,1.242,1.242
37.0,2022-05-15,361,0,Crystal Palace,Aston Villa,0,,,1.02,1.37,1.18,1.18
37.0,2022-05-15,362,0,Brentford,Everton,0,,,1.4,1.2,1.679,1.679
37.0,2022-05-15,362,0,Everton,Brentford,1,,,1.2,1.4,1.002,1.002
37.0,2022-05-15,363,0,Brighton,Leeds,0,,,1.45,1.24,1.079,1.079
37.0,2022-05-15,363,0,Leeds,Brighton,1,,,1.24,1.45,1.568,1.568
34.0,2022-04-28,364,0,Chelsea,Man Utd,0,,,1.68,1.29,1.936,1.936
34.0,2022-04-28,364,0,Man Utd,Chelsea,1,,,1.29,1.68,1.454,1.454
37.0,2022-05-16,365,0,Arsenal,Newcastle,0,,,1.47,1.07,1.892,1.892
37.0,2022-05-16,365,0,Newcastle,Arsenal,1,,,1.07,1.47,1.378,1.378
,,366,0,Liverpool,Southampton,0,,,2.61,0.9,,
,,366,0,Southampton,Liverpool,1,,,0.9,2.61,,
37.0,2022-05-15,367,0,Burnley,Spurs,0,,,0.84,1.98,1.425,1.425
37.0,2022-05-15,367,0,Spurs,Burnley,1,,,1.98,0.84,1.751,1.751
37.0,2022-05-15,368,0,Leicester,Watford,0,,,1.5,1.25,0.79,0.79
37.0,2022-05-15,368,0,Watford,Leicester,1,,,1.25,1.5,1.055,1.055
37.0,2022-05-15,369,0,Man City,West Ham,0,,,2.13,0.87,2.342,2.342
37.0,2022-05-15,369,0,West Ham,Man City,1,,,0.87,2.13,1.229,1.229
37.0,2022-05-15,370,0,Norwich,Wolves,0,,,0.72,1.61,1.018,1.018
37.0,2022-05-15,370,0,Wolves,Norwich,1,,,1.61,0.72,0.903,0.903
38.0,2022-05-22,371,0,Arsenal,Everton,1,,,1.92,0.77,1.892,1.892
38.0,2022-05-22,371,0,Everton,Arsenal,0,,,0.77,1.92,1.002,1.002
38.0,2022-05-22,372,0,Brentford,Leeds,1,,,1.8,1.18,1.679,1.679
38.0,2022-05-22,372,0,Leeds,Brentford,0,,,1.18,1.8,1.568,1.568
38.0,2022-05-22,373,0,Brighton,West Ham,1,,,1.38,1.05,1.079,1.079
38.0,2022-05-22,373,0,West Ham,Brighton,0,,,1.05,1.38,1.229,1.229
38.0,2022-05-22,374,0,Burnley,Newcastle,1,,,1.14,1.18,1.425,1.425
38.0,2022-05-22,374,0,Newcastle,Burnley,0,,,1.18,1.14,1.378,1.378
38.0,2022-05-22,375,0,Chelsea,Watford,1,,,2.42,0.61,1.936,1.936
38.0,2022-05-22,375,0,Watford,Chelsea,0,,,0.61,2.42,1.055,1.055
38.0,2022-05-22,376,0,Crystal Palace,Man Utd,1,,,1.36,1.31,1.18,1.18
38.0,2022-05-22,376,0,Man Utd,Crystal Palace,0,,,1.31,1.36,1.454,1.454
38.0,2022-05-22,377,0,Leicester,Southampton,1,,,1.65,1.27,0.79,0.79
38.0,2022-05-22,377,0,Southampton,Leicester,0,,,1.27,1.65,1.271,1.271
38.0,2022-05-22,378,0,Liverpool,Wolves,1,,,2.27,0.54,2.207,2.207
38.0,2022-05-22,378,0,Wolves,Liverpool,0,,,0.54,2.27,0.903,0.903
38.0,2022-05-22,379,0,Aston Villa,Man City,0,,,0.65,2.12,1.242,1.242
38.0,2022-05-22,379,0,Man City,Aston Villa,1,,,2.12,0.65,2.342,2.342
38.0,2022-05-22,380,0,Norwich,Spurs,1,,,0.97,2.16,1.018,1.018
38.0,2022-05-22,380,0,Spurs,Norwich,0,,,2.16,0.97,1.751,1.751
